name;price;amount;blocks
Пьезо Profit (PL-002) т/п приколы;12.80;50;20
Турбо фонарик (Oney TF-05) хаки;18.30;50;20
Пьезо Profit (PL-290) черая с цветной кнопкой;16.20;50;20
Турбо (Oney ТА-11В) Россия;17.20;50;20
Турбо (Profit 500) JET с откидной крышкой 1*25*6;145.00;25;6
Пьезо City-L 03 СССР;11.90;50;20
Бытовая пьезо Luxlite XHG 300 Rus 5;176.00;1;10
Турбо (Oney JМ-01) Jet пламя МЕТАЛЛ девочки 1*25*20;29.50;25;40
Бытовая пьезо Luxlite XHG 7722 Carbon 1*10;189.00;1;0
Кремниевые Oney FM-01 мелалл Авто 1*25*20;30.80;25;20
Кремниевая Unigold Baida прозрачные;8.90;50;20
Турбо фонарик (Oney TF-05) Super Cars;18.30;50;20
Турбо BRUNO JET-702 Авто девушки;177.00;6;20
Кремниевые Oney FM-01 мелалл Мото 1*25*20;30.80;25;20
Турбо Luxlite XHD 90 НС5;47.50;25;20
Турбо (Oney JМ-01) Jet пламя МЕТАЛЛ Great Story 1*25*20;29.50;25;40
Турбо BRUNO JET 706 ГЕРБ РОССИИ (двойное пламя) 1*6*20;197.00;6;20
Турбо Oney ТА-09JET пламя машины;16.90;50;20
Кремниевые Oney FM-01 мелалл Логотип 1*25*20;30.80;25;20
Пьезо City-L 01 (04) (свеча черн с золотом );12.10;50;20
Турбо фонарик (Oney TF-07(04) СССР;21.20;50;20
Зажигалка кремниевая Profit PL-101 прозрачные;9.80;50;20
Турбо фонарик (Oney TF-05) Золотой череп;18.30;50;20
Пьезо Luxlite XHD 8500L 3D Color;42.50;25;40
Турбо (Oney ТА-03) Craft Beer;14.20;50;20
Пьезо Luxlite XHD 8500L WP-Gear Animal/Gold cap;51.20;25;40
Пьезо Profit (PL-309) т/п хаки;12.30;50;20
Бытовая пьезо Luxlite XHG 7722 Military 1*10;189.00;1;0
Кремниевая FlameClub М-07 Standart (Cricket);19.90;50;20
Пьезо с фонариком (Prometey XL-01);18.50;50;20
Турбо (ТИГР 969) СССР;16.80;50;20
Турбо (Oney ТА-03) Luxury;14.20;50;20
Бытовые Luxlite XHD-360 Black SP 1*10*10;197.00;1;10
ТуТурбо Тигр (030) Горелка 1*25*16;85.00;25;16
Турбо (Oney JМ-01) Jet пламя МЕТАЛЛ авто 1*25*20;29.50;25;20
Пьезо Oney (PA-02) СССР;13.20;50;20
Пьезо City-L 03 девочки;11.90;50;20
Турбо (Oney ТА-03) Summer;14.20;50;20
Турбо фонарик (Lion JL-905) МЕТАЛЛ Jet пламя СССР 1*25*20;30.50;25;20
Турбо (Oney ТА-11А) СССР;17.20;50;20
Пьезо фонарик (Profit 777);22.80;50;20
Зажигалка кремниевая FLAMECLUB М-05 (BIC);18.90;50;20
Турбо фонарик (Lion JL-905) МЕТАЛЛ Jet пламя логотип 1*25*20;30.50;25;20
Турбо (Profit 505) JET КРЕМНИЕВАЯ с откидной крышкой 1*25*6;145.00;25;6
Турбо (Oney JМ-07) Jet пламя МЕТАЛЛ Красный Октябрь;28.70;50;20
USB Luxlite E002 Black с фонариком;309.00;1;12
Пьезо Profit (PL-214) т/п Гжель;14.70;50;20
Турбо (Oney ТА-03) хаки;14.70;50;20
Пьезо Oney (PA-03) машины;15.70;50;20
Пьезо City-L 03 машины;11.90;50;20
Турбо (Oney JМ-01) Jet пламя МЕТАЛЛ мото 1*25*20;29.50;25;40
Турбо фонарик (Oney TF-07(01) машины;21.20;50;20
Турбо (ТИГР 009 МЕТАЛЛ JET) боковая кнопка логотип 1*20*50;37.50;20;50
Пьезо Profit (PL-300) т/п Autumn;14.80;50;20
Пьезо Profit (PL-002) т/п рыбалка;12.80;50;20
Кремниевые ТИГР 001 МЕТАЛЛ столбик 1*25*40;22.30;25;40
Пьезо Oney (PA-03) девочки;15.70;50;20
Турбо (ТИГР Т18 МЕТАЛЛ JET) дракон 1*25*40;29.50;25;40
Турбо фонарик (Oney TF-07(02) кожа 1*50*18;21.20;50;20
Турбо (Profit 968) Fusion;16.20;50;20
Турбо (Oney ТА-09 JET пламя) хаки;16.90;50;20
Кремниевые Profit PL-102 матовые;9.80;50;20
Пьезо Oney (PA-02) Colorfull;13.20;50;20
Турбо (ТИГР Т007-1 JET) Wine;16.70;50;20
Кремниевые Oney FM-01 мелалл Пираты 1*25*20;30.80;25;20
Турбо (Oney JМ-01) Jet пламя МЕТАЛЛ какаду 1*25*20;29.50;25;40
Бытовые Luxlite XHG-8847 Pepper 1*20*25;115.00;20;25
Турбо (ТИГР 018 МЕТАЛЛ JET) слиток золота 1*25*40;26.50;25;40
USB Luxlite E002 White с фонариком;309.00;1;12
Oney 2M кремниевая + турбо JET МЕТАЛЛ логотип 1*20*24;88.00;20;24
Турбо BRUNO JET Rabber Black ГОРЕЛКА (на блистере) 1*6;435.00;1;0
Турбо (ТИГР Т007-1 JET) логотип;16.70;50;20
Турбо (Profit 370) цветная;40.80;25;20
Кремниевые Oney FM-01 мелалл Карты 1*25*20;29.50;25;20
Пьезо Profit (PL-300) т/п Amour;14.80;50;20
Пьезо Luxlite XHD 8500L Russia Rubber;46.50;50;20
Бытовые (Volk-014) два вида пламени 1*24*10;105.00;24;10
Турбо (ТИГР Т007-1В МЕТАЛЛ JET) с откидной крышкой 1*25*40;29.50;25;40
Кремниевые Oney M-03(04) мелалл Символика СССР 1*50*10;22.80;50;10
Турбо (Oney ТА-09 JET пламя) СССР;17.90;50;20
Турбо (ТИГР Т18 МЕТАЛЛ JET) рельеф 1*25*40;29.50;25;40
Кремниевые Oney FM-01 мелалл Charming 1*25*20;29.50;25;20
Турбо (VOLK V-017) JET МЕТАЛЛ футбол 1*25*40;24.50;25;40
Турбо (ТИГР 009 МЕТАЛЛ JET) боковая кнопка плед 1*20*50;37.50;20;50
Турбо (ТИГР 018 МЕТАЛЛ JET) бильярд 1*25*40;26.50;25;40
Турбо BRUNO JET 705 Sport Car 1*6*20;177.00;6;20
Пьезо Profit (PL-002) т/п авто;14.70;50;20
Пьезо FlameClub P-03 White АВТО Германия;22.50;50;20
Турбо (VOLK V-017) JET МЕТАЛЛ логотип 1*25*40;24.50;25;40
Турбо (ТИГР 018 МЕТАЛЛ JET) авто 1*25*40;26.50;25;40
Турбо (Oney JМ-01) Jet пламя МЕТАЛЛ бабочки 1*25*20;29.50;25;40
Пьезо Profit (PL-300) т/п Fusion;18.80;50;20
Пьезо FlameClub P-03 White АВТО Премиум;22.50;50;20
Турбо (Oney JМ-01) Jet пламя МЕТАЛЛ собаки 1*25*20;29.50;25;40
Пьезо FOXlite FX-88;15.10;50;20
Турбо (Oney JМ-01) Jet пламя МЕТАЛЛ животные 1*25*20;29.50;25;40
Турбо (VOLK V-061-2) JET МЕТАЛЛ 1*25*40;26.50;25;40
Турбо BRUNO JET 705 Electric Car 1*6*20;177.00;6;20
Турбо (Oney JМ-07) Jet пламя МЕТАЛЛ СССР;28.70;50;20
Кремниевые Unigold МАХ МЕТАЛЛ череп 1*25*40;20.50;25;40
Пьезо Profit (PL-300) т/п Heart;18.80;50;20
Кремниевые Unigold МАХ МЕТАЛЛ девушки 1*25*40;20.50;25;40
Турбо (ТИГР Т18 МЕТАЛЛ JET) откидная крышка Gold\Silver 1*25*40;26.50;25;40
Турбо BRUNO JET 702 спички 1*6*20;177.00;6;20
Кремниевые Unigold МАХ МЕТАЛЛ Папуасы 1*25*40;20.50;25;40
Турбо PROMETEY XW-01;18.80;50;20
Турбо (ТИГР 018 МЕТАЛЛ JET) соцсети 1*25*40;26.50;25;40
Кремниевые Oney FM-01 мелалл 999-3 1*25*20;29.50;25;20
Пьезо PROMETEY X-01;18.40;50;20
Турбо (ТИГР 009 МЕТАЛЛ JET) боковая кнопка мрамор 1*20*50;37.50;50;20
Турбо BRUNO JET 705 Elit Car 1*6*20;177.00;6;20
Турбо (VOLK V-021) JET МЕТАЛЛ 1*25*40;28.50;25;40
Oney 2M кремниевая + турбо JET МЕТАЛЛ авто 1*20*24;88.00;20;24
Турбо (VOLK V-019) JET МЕТАЛЛ gold\silver 1*25*40;27.50;25;40
Турбо (VOLK V-032) Золото МЕТАЛЛ откидная крышка 1*25*40;28.50;25;40
Пьезо Luxlite XHD Broken Line;25.80;50;20
Турбо (VOLK V-019) JET МЕТАЛЛ черная с золотом 1*25*40;27.50;25;40
Турбо PROMETEY XW-04;17.20;50;20
Турбо (Oney JМ-07) Jet пламя МЕТАЛЛ Золотой тигр;26.70;50;20
Пьезо PROMETEY X-05;12.30;50;20
Пьезо с фонариком City-L 04(03)1*50*20;15.30;50;20
Пьезо Luxlite XHD 39-IV НС5;26.50;50;20
Зажигалка кремниевая FOXlite FX-23 цветная;10.80;50;10
Турбо (Oney JМ-07) Jet пламя МЕТАЛЛ девушки;26.70;50;20
Турбо (ТИГР 118-V МЕТАЛЛ JET) ГИГАНТ CROCODILE 1*25*16 11см;92.00;25;16
Турбо BRUNO JET 705 Luxury Car 1*6*20;177.00;6;20
Пьезо PROMETEY X-03;16.40;50;20
Турбо (Unigold T001-605 JET МЕТАЛЛ) Supercar 1*25*40;29.50;25;40
Турбо фонарик (Profit 008) Россия;22.80;50;20
Турбо (Oney ТА-09 JET пламя) кожа;17.90;50;20
Турбо (ТИГР 118-V МЕТАЛЛ JET) ГИГАНТ CELLS 1*25*16 11см;92.00;25;16
Турбо (Wisen-WP-45) ELEFANT 4 RUBBER 1*25*12;69.50;25;12
Турбо (Wisen-WP-45) ELEFANT 3 RUBBER 1*25*12;69.50;25;12
Турбо (VOLK V-018) JET МЕТАЛЛ 1*25*40;27.50;25;40
Турбо (ТИГР Т007-1 JET) AUTO;16.70;50;20
Пьезо с фонариком Тигр 558 (БЕЗ ШТРИХКОДА);13.80;50;20
Кремниевые Profit PL-107 цветная (BIC);16.20;50;20
Турбо фонарик (Profit 008) Девушка;22.80;50;20
Турбо (ТИГР Т007-1 JET) GOLD;16.70;50;20
Турбо PROMETEY XW-02;17.20;50;20
Зажигалка кремниевая прозрачная FOXlite FX-24;9.50;50;10
Пьезо Profit (PL-311) цветная;11.80;50;20
Турбо (ТИГР 868 МЕТАЛЛ JET) цветная;24.50;50;20
Турбо Тигр (А26) цветная 1*25*40 (без штришкода);28.50;25;40
Турбо (ТИГР 606) мини JET МЕТАЛЛ Золото 1*25*40;26.50;25;40
Турбо (ТИГР 156 МЕТАЛЛ JET) цветная 1*25*40;22.30;50;20
Турбо (ТИГР F6 МЕТАЛЛ JET) с откидной крышкой 1*25*40;28.50;25;40
Турбо (ТИГР 539 МЕТАЛЛ JET) Skate board;22.30;50;20
Турбо (ТИГР 333-Т МЕТАЛЛ JET) золото;22.30;50;20
Турбо (Profit PL-802) JET пламя МЕТАЛЛ GOLD 1*25*40;28.00;25;40
Турбо (Profit PL-800) JET пламя МЕТАЛЛ BILLIARDS 1*25*40;27.50;25;40
Oney 2M кремниевая + турбо JET МЕТАЛЛ цветная 1*20*24;88.00;20;24
Oney 2M кремниевая + турбо JET МЕТАЛЛ пираты 1*20*24;88.00;20;24
Турбо (ТИГР 156) Wine;13.70;50;20
Турбо с фонариком (ТИГР 636 JET) лого;20.70;50;20
Турбо (ТИГР 156) дерево;13.70;50;20
Турбо (Profit PL-804) JET пламя МЕТАЛЛ PROFIT;27.50;25;40
Турбо Тигр (А68) лого 1*25*40;29.50;25;40
Турбо (ТИГР 636 МЕТАЛЛ JET) Россия 1*25*40;27.50;25;40
Пьезо ТИГР (833 свеча черная с золотом);12.30;50;20
Пьезо ТИГР (833 свеча цветная резин.);12.30;50;20
